method,model,k,repetition,phase,seconds,error
before,public,50,0,first,1.032,
before,public,50,1,warm,1.284,
before,public,50,2,warm,1,
before,public,50,3,warm,0.952,
after,public,50,0,first,0.508,
after,public,50,1,warm,0.0800000000000001,
after,public,50,2,warm,0.0720000000000001,
after,public,50,3,warm,0.075,
before,public,200,0,first,3.709,
before,public,200,1,warm,3.889,
before,public,200,2,warm,3.522,
before,public,200,3,warm,3.506,
after,public,200,0,first,0.642,
after,public,200,1,warm,0.208,
after,public,200,2,warm,0.202,
after,public,200,3,warm,0.202,
before,public,1000,0,first,18.404,
before,public,1000,1,warm,18.424,
before,public,1000,2,warm,18.525,
before,public,1000,3,warm,18.464,
after,public,1000,0,first,1.527,
after,public,1000,1,warm,1.136,
after,public,1000,2,warm,1.086,
after,public,1000,3,warm,1.032,
before,public_effect,50,0,first,1.11,
before,public_effect,50,1,warm,1.331,
before,public_effect,50,2,warm,0.955,
before,public_effect,50,3,warm,1.049,
after,public_effect,50,0,first,0.618,
after,public_effect,50,1,warm,0.13,
after,public_effect,50,2,warm,0.118,
after,public_effect,50,3,warm,0.117,
before,public_effect,200,0,first,3.952,
before,public_effect,200,1,warm,4.116,
before,public_effect,200,2,warm,3.662,
before,public_effect,200,3,warm,3.714,
after,public_effect,200,0,first,0.752,
after,public_effect,200,1,warm,0.286,
after,public_effect,200,2,warm,0.332,
after,public_effect,200,3,warm,0.305,
before,public_effect,1000,0,first,19.453,
before,public_effect,1000,1,warm,19.474,
before,public_effect,1000,2,warm,18.527,
before,public_effect,1000,3,warm,19.095,
after,public_effect,1000,0,first,1.79,
after,public_effect,1000,1,warm,1.291,
after,public_effect,1000,2,warm,1.314,
after,public_effect,1000,3,warm,1.458,
before,inner_repeated,50,0,first,0.637,
before,inner_repeated,50,1,warm,0.68,
before,inner_repeated,50,2,warm,0.609,
before,inner_repeated,50,3,warm,0.631,
after,inner_repeated,50,0,first,0.085,
after,inner_repeated,50,1,warm,0.0800000000000001,
after,inner_repeated,50,2,warm,0.0720000000000001,
after,inner_repeated,50,3,warm,0.0710000000000001,
before,inner_repeated,200,0,first,2.384,
before,inner_repeated,200,1,warm,2.408,
before,inner_repeated,200,2,warm,2.45,
before,inner_repeated,200,3,warm,2.447,
after,inner_repeated,200,0,first,0.097,
after,inner_repeated,200,1,warm,0.0900000000000001,
after,inner_repeated,200,2,warm,0.0830000000000001,
after,inner_repeated,200,3,warm,0.0820000000000001,
before,inner_repeated,1000,0,first,12.901,
before,inner_repeated,1000,1,warm,13.729,
before,inner_repeated,1000,2,warm,12.972,
before,inner_repeated,1000,3,warm,12.937,
after,inner_repeated,1000,0,first,0.175,
after,inner_repeated,1000,1,warm,0.166,
after,inner_repeated,1000,2,warm,0.154,
after,inner_repeated,1000,3,warm,0.146,
before,inner_distinct,50,0,first,0.605,
before,inner_distinct,50,1,warm,0.606,
before,inner_distinct,50,2,warm,0.613,
before,inner_distinct,50,3,warm,0.596,
after,inner_distinct,50,0,first,0.647,
after,inner_distinct,50,1,warm,0.627,
after,inner_distinct,50,2,warm,0.618,
after,inner_distinct,50,3,warm,0.607,
before,inner_distinct,200,0,first,2.401,
before,inner_distinct,200,1,warm,2.471,
before,inner_distinct,200,2,warm,2.394,
before,inner_distinct,200,3,warm,2.684,
after,inner_distinct,200,0,first,2.453,
after,inner_distinct,200,1,warm,2.492,
after,inner_distinct,200,2,warm,2.474,
after,inner_distinct,200,3,warm,2.455,
before,inner_distinct,1000,0,first,12.31,
before,inner_distinct,1000,1,warm,12.284,
before,inner_distinct,1000,2,warm,12.892,
before,inner_distinct,1000,3,warm,12.95,
after,inner_distinct,1000,0,first,12.32,
after,inner_distinct,1000,1,warm,12.769,
after,inner_distinct,1000,2,warm,13.091,
after,inner_distinct,1000,3,warm,13.53,
